song_id,title,artist_id
159,Take on Me,185
14,Baby Got Back,129
175,Two Princes,135
194,You Get What You Give,102
135,Reverse,134
69,I Gotta Feeling,22
85,Let It Rock,79
48,Every time we touch,31
32,Cha Cha Slide - Original Live Platinum Band Mix,41
98,Low (feat. T-Pain),54
144,Single Ladies (Put a Ring on It),19
137,Sadie Hawkins Dance,122
101,"Main Titles - From ""Beetlejuice"" Soundtrack",42
172,This Is Halloween,150
5,A Ghost's Pumpkin Soup ...for Pumpkin Hill,125
151,"Spooky, Scary Skeletons - Undead Tombstone Remix",6
54,Ghost Of Stephen Foster,136
58,Graveyard girl,91
155,Swamp,145
60,"Hail, Paemon!",37
162,The Beautiful People,94
56,Gives You Hell,147
188,Why Can't We Be Friends?,180
12,Anything You Can Do,18
80,Know Your Enemy,118
165,The Confrontation - Live,85
8,Actor Out of Work,137
90,Live And Let Die - Main Title,109
117,One-Winged Angel (Final Fantasy VII),104
111,New Fang,168
71,I Want You Around,131
198,dear katara,81
94,Love Is a Beautiful Thing,169
65,"Hi, Hey There, Hello",160
93,Love And Affection,68
74,Island In The Sun,181
79,Jumpstarted,74
11,Anyone Else But You,158
21,Bitter Sweet Symphony,166
168,The Mother We Share,26
119,Outro,91
97,Lovers,8
76,"Jem Theme Song (From ""Jem and the Holograms"") [It's Showtime! Remix]",138
113,Nightcall,77
177,Under My Thumb,82
15,Babylon,83
148,Song for Denise - Maxi version,113
68,I Believe in a Thing Called Love,151
138,Sandstorm - Radio Edit,43
35,Christmas Time Is Here - Instrumental,177
179,"Vivaldi: Le quattro stagioni (The Four Seasons), Op. 8: Violin Concerto No. 4 in F Minor, RV 297, ""L'Inverno"". III. Allegro",10
187,White Winter Hymnal,52
122,Pines,63
128,Pyramid Song,117
42,Don't Leave Me (Ne me quitte pas),121
196,[Snowdrift],130
34,Chasing Cars,132
96,"Lover, You Should've Come Over",65
28,Bohemian Rhapsody,116
142,Shake It Out,55
43,Don't You Worry 'Bout A Thing,173
131,Read My Mind,154
112,New Year's Eve,93
136,Rocket's Tail (For Rocket),76
40,Dean Town,178
83,Learn To Let Go,78
67,Holocene,23
57,Gone,86
130,Rainy Days And Mondays,30
37,Daisuke,49
39,Daydreaming,117
166,The Feeling Again,24
158,Take The Long Way Home - 2010 Remastered,144
61,Headlights on the Parade,149
47,Escape (The Pina Colada Song),123
95,Love You Madly,27
181,Waiting on Words,148
176,Typical,101
180,Wait for the Moment,178
106,Midnight Show,154
110,"Mr. Greg (feat. Tom Scharpling, Zach Callison, Deedee Magno Hall & Eric Bauza)",140
141,September,48
72,I Want to Kiss You,164
195,Youth,58
100,Main Title,71
105,Merry Christmas Darling - Single Version,30
104,Merry Christmas Baby,105
189,Winter Things,13
161,That's Amore,46
191,Wonderful Christmastime - Edited Version / Remastered 2011,109
75,It Feels Like Christmas,57
193,Yellow,36
64,Hey Eugene,114
120,Perfect Way To Die,4
17,Ballad Of The Great Eastern,142
77,Jesus of Suburbia,60
7,Absolutely (Story of a Girl),103
78,Jimmy Sparks,155
82,Lake Pontchartrain,90
114,On the Bus Mall,152
45,Eleanor,34
102,Make Me Feel,64
174,Touch Me (feat. Kehlani) - Remix,176
0,34+35,13
50,Flower - Remastered,87
124,Ponyboy,126
19,Big Fat Funky Booty,135
51,For Your Entertainment,2
52,Friend Zone,170
107,"Mii Channel Theme (From ""Nintendo Wii"")",98
121,Phone,88
201,フラレ唄,179
143,Simple,32
36,Combination Pizza Hut and Taco Bell,44
2,"5, 6, 7, 8",139
1,4'33'',70
139,Satisfaction (Isak Original Extended) - Benny Benassi Presents The Biz,17
134,Respect,12
115,Once in a Lifetime,7
63,Heroes,111
31,Can't Help Falling In Love,80
29,Bridge Over Troubled Water (Glee Cast Version),59
70,"I Know It's Over - Live at Sony Studios in New York, NY - April, 1995",65
178,Video Games,167
87,Lilac Wine,65
186,Whatever You Like - Single Version,11
16,Bad Romance,97
184,We Might Even Be Falling In Love (Interlude),176
167,The Moon Is Made of Cheese (But I Can't Taste It),20
200,pirouette,38
140,See You Tomorrow,56
132,Remember Me (Reunion),9
129,Rainbow Rhodes,62
13,Asleep and Dreaming,156
38,Dance Music,159
171,Things I Wonder,163
199,money machine,0
86,Let's Be Friends,29
73,I'm Gone,157
150,Sorry,19
125,Potential Breakup Song,5
57,Gone,86
25,Block Your Number,95
20,Big Girls Don't Cry (Personal),51
118,Ordinary Pain,141
133,Remember Me Lover,115
190,Without Love,3
3,50 Ways to Say Goodbye,174
164,The Chain - 2004 Remaster,53
146,So What,106
182,Waiting on a Ghost,84
149,Song for the Dumped,16
154,Survivor,47
164,The Chain - 2004 Remaster,53
9,Ain't That Easy,40
152,Stay Away,157
53,Full Metal Black,162
116,One Summer Day,69
185,Welcome to Lunar Industries,35
81,Kronos Unveiled,96
62,Heart-Shaped Box (Orchestral),119
49,Exit Music (For a Film),119
22,Black Sheep (From Scott Pilgrim vs. the World),153
10,"Anthem, Pt. 2",112
66,Holding Out For A Hero,66
170,Theme from Ant-Man,33
89,"Live & Learn ...Main Theme of ""SONIC ADVENTURE 2""",39
109,Monster - Transformers Soundtrack Version,108
156,Sweet Victory,45
99,Macintosh Plus 2k18,184
173,Thundersnail,172
169,The Snail Is Fast,175
160,Tank!,124
147,Someday,165
145,Slow Motion,127
55,Giant (with Rag'n'Bone Man),28
41,Describe - Edit,110
92,"Lonely Rolling Star (From ""Katamari Damacy')",146
108,Mitwa,1
33,"Chaiyya Chaiyya (From ""Dil Se"")",143
4,A Cruel Angel's Thesis (Director's Edit Version),183
88,Limbisa,75
157,Sæglópur,128
123,Ponta De Lança Africano,73
44,Duel of the Fates,72
84,"Leck mich im Arsch, K.231",182
59,Green Light,89
127,Pynk (feat. Grimes),64
27,Blue Bossa,25
183,We Are Golden,92
153,Stay Gold,14
23,Black Star,117
6,A Pair of Brown Eyes,161
30,COLORS,50
197,bad guy,21
18,"Be Prepared - From ""The Lion King"" / Soundtrack Version",67
126,Psycho,100
163,The Beginning Of The End,61
24,Blame,15
26,Blood Sugar Sex Magik,120
46,Emperor's New Clothes,107
91,"Livin' in the Sunlight, Lovin' in the Moon Light",171
192,Wrecking Ball,99
103,Me and the Devil,133
